{
  "initializer_range":  0.039589260915990014,
  "layer_norm_epsilon": 9.064249722000914e-11,
  "n_ctx": 10,
  "n_embd": 672,
  "n_head": 16,
  "n_layer": 12,
  "n_positions": 10,
  "vocab_size": 33,
  "resid_pdrop": 0.08,
  "attn_pdrop": 0.08
}

